{
  // Use IntelliSense to learn about possible attributes.
  // Hover to view descriptions of existing attributes.
  // For more information, visit: https://go.microsoft.com/fwlink/?linkid=830387
  "version": "0.2.0",
  "configurations": [
      {
          "name": "gcc build and debug active file",
          "type": "cppdbg",
          "request": "launch",
          "program": "${fileDirname}/main",
          "args": [],
          "stopAtEntry": false,
          "cwd": "${workspaceFolder}",
          "environment": [],
          "externalConsole": true,
          "MIMode": "gdb",
          "setupCommands": [
              {
                  "description": "Enable pretty-printing for gdb",
                  "text": "-enable-pretty-printing",
                  "ignoreFailures": true
              }
          ],
          "preLaunchTask": "gcc build active file",
          "miDebuggerPath": "C:\\MinGW\\bin\\gdb.exe"
      }
  ]
}